date,open,high,low,close,volume,unadjustedVolume,change,changePercent,vwap,label,changeOverTime
2018-04-20,16.75,17.48,15.11,15.73,24784800.0,24784800.0,1.02,6.09,16.10667,"April 20, 18",0.0609
2018-04-23,16.0,18.34,15.81,17.26,4323100.0,4323100.0,-1.26,-7.875,17.13667,"April 23, 18",-0.07875
2018-04-24,17.96,18.29,17.65,18.14,3180400.0,3180400.0,-0.18,-1.002,18.02667,"April 24, 18",-0.01002
2018-04-25,18.32,18.83,17.5,17.92,1778500.0,1778500.0,0.4,2.183,18.08333,"April 25, 18",0.02183
2018-04-26,18.07,19.0,17.92,18.62,3514600.0,3514600.0,-0.55,-3.044,18.51333,"April 26, 18",-0.03044
2018-04-27,18.72,18.85,17.75,18.17,1778600.0,1778600.0,0.55,2.938,18.25667,"April 27, 18",0.02938
2018-04-30,18.35,18.5,18.0,18.04,610900.0,610900.0,0.31,1.689,18.18,"April 30, 18",0.01689
2018-05-01,18.06,18.5,18.0,18.3,396800.0,396800.0,-0.24,-1.329,18.26667,"May 01, 18",-0.01329
2018-05-02,18.36,18.69,18.12,18.2,587100.0,587100.0,0.16,0.871,18.33667,"May 02, 18",0.00871
2018-05-03,18.35,18.5,18.01,18.31,578300.0,578300.0,0.04,0.218,18.27333,"May 03, 18",0.00218
2018-05-04,18.33,18.5,18.14,18.3,440300.0,440300.0,0.03,0.164,18.31333,"May 04, 18",0.00164
2018-05-07,18.3,19.1,18.15,18.86,890600.0,890600.0,-0.56,-3.06,18.70333,"May 07, 18",-0.0306
2018-05-08,18.96,19.0,18.51,18.88,478400.0,478400.0,0.08,0.422,18.79667,"May 08, 18",0.00422
2018-05-09,18.95,19.49,18.88,19.0,771200.0,771200.0,-0.05,-0.264,19.12333,"May 09, 18",-0.00264
2018-05-10,19.21,19.23,18.5,19.0,526000.0,526000.0,0.21,1.093,18.91,"May 10, 18",0.01093
2018-05-11,18.96,19.08,18.76,18.98,736200.0,736200.0,-0.02,-0.105,18.94,"May 11, 18",-0.00105
2018-05-14,19.19,19.62,18.81,18.89,925000.0,925000.0,0.3,1.563,19.10667,"May 14, 18",0.01563
2018-05-15,19.17,19.6,18.95,19.24,1003300.0,1003300.0,-0.07,-0.365,19.26333,"May 15, 18",-0.00365
2018-05-16,19.3,19.4,18.66,18.66,875300.0,875300.0,0.64,3.316,18.90667,"May 16, 18",0.03316
2018-05-17,18.8,18.87,17.78,18.18,1375800.0,1375800.0,0.62,3.298,18.27667,"May 17, 18",0.03298
2018-05-18,18.18,18.26,17.62,18.11,951900.0,951900.0,0.07,0.385,17.99667,"May 18, 18",0.00385
2018-05-21,18.15,18.4,18.04,18.1,474500.0,474500.0,0.05,0.275,18.18,"May 21, 18",0.00275
2018-05-22,18.18,18.2,17.82,17.86,555700.0,555700.0,0.32,1.76,17.96,"May 22, 18",0.0176
2018-05-23,17.86,18.17,17.81,17.99,335800.0,335800.0,-0.13,-0.728,17.99,"May 23, 18",-0.00728
2018-05-24,18.01,18.14,17.65,17.83,406000.0,406000.0,0.18,0.999,17.87333,"May 24, 18",0.00999
2018-05-25,17.8,18.15,17.53,18.12,610100.0,610100.0,-0.32,-1.798,17.93333,"May 25, 18",-0.01798
2018-05-29,18.07,18.22,17.8,18.14,412800.0,412800.0,-0.07,-0.387,18.05333,"May 29, 18",-0.00387
2018-05-30,18.2,18.5,18.19,18.34,508200.0,508200.0,-0.14,-0.769,18.34333,"May 30, 18",-0.00769
2018-05-31,18.34,18.5,17.83,17.99,443300.0,443300.0,0.35,1.908,18.10667,"May 31, 18",0.01908
2018-06-01,18.18,18.7,18.01,18.27,687500.0,687500.0,-0.09,-0.495,18.32667,"June 01, 18",-0.00495
2018-06-04,18.48,18.86,18.0,18.25,1484100.0,1484100.0,0.23,1.245,18.37,"June 04, 18",0.01245
2018-06-05,18.25,18.97,18.25,18.44,807600.0,807600.0,-0.19,-1.041,18.55333,"June 05, 18",-0.01041
2018-06-06,18.53,20.85,18.4,20.32,2643500.0,2643500.0,-1.79,-9.66,19.85667,"June 06, 18",-0.0966
2018-06-07,20.48,20.6,19.67,20.16,1907400.0,1907400.0,0.32,1.563,20.14333,"June 07, 18",0.01563
2018-06-08,20.02,21.4,19.83,20.8,3631700.0,3631700.0,-0.78,-3.896,20.67667,"June 08, 18",-0.03896
2018-06-11,21.5,22.6,20.83,20.94,2944800.0,2944800.0,0.56,2.605,21.45667,"June 11, 18",0.02605
2018-06-12,21.3,21.55,20.54,21.21,4140500.0,4140500.0,0.09,0.423,21.1,"June 12, 18",0.00423
2018-06-13,24.46,28.74,23.75,28.2,17484300.0,17484300.0,-3.74,-15.29,26.89667,"June 13, 18",-0.1529
2018-06-14,29.5,31.24,26.54,26.72,8416000.0,8416000.0,2.78,9.424,28.16667,"June 14, 18",0.09424
2018-06-15,26.5,29.35,26.43,28.91,5147700.0,5147700.0,-2.41,-9.094,28.23,"June 15, 18",-0.09094
2018-06-18,28.01,28.74,27.65,27.84,2849800.0,2849800.0,0.17,0.607,28.07667,"June 18, 18",0.00607
2018-06-19,27.0,28.69,25.71,28.46,2715900.0,2715900.0,-1.46,-5.407,27.62,"June 19, 18",-0.05407
2018-06-20,28.9,29.28,26.51,26.58,1905000.0,1905000.0,2.32,8.028,27.45667,"June 20, 18",0.08028
2018-06-21,26.84,27.5,25.85,26.72,2036000.0,2036000.0,0.12,0.447,26.69,"June 21, 18",0.00447
2018-06-22,26.81,27.07,24.95,25.15,1951000.0,1951000.0,1.66,6.192,25.72333,"June 22, 18",0.06192
2018-06-25,24.7,25.05,23.51,24.63,1701000.0,1701000.0,0.07,0.283,24.39667,"June 25, 18",0.00283
2018-06-26,24.81,25.66,24.25,25.3,1445900.0,1445900.0,-0.49,-1.975,25.07,"June 26, 18",-0.01975
2018-06-27,25.66,26.37,24.55,24.56,1333100.0,1333100.0,1.1,4.287,25.16,"June 27, 18",0.04287
2018-06-28,24.26,25.7,24.0,25.66,947200.0,947200.0,-1.4,-5.771,25.12,"June 28, 18",-0.05771
2018-06-29,25.75,26.2,24.23,24.27,1025500.0,1025500.0,1.48,5.748,24.9,"June 29, 18",0.05748
2018-07-02,24.0,25.23,23.86,24.7,1361100.0,1361100.0,-0.7,-2.917,24.59667,"July 02, 18",-0.02917
2018-07-03,24.75,25.19,23.99,24.0,679000.0,679000.0,0.75,3.03,24.39333,"July 03, 18",0.0303
2018-07-05,24.2,24.2,23.14,23.53,1509200.0,1509200.0,0.67,2.769,23.62333,"July 05, 18",0.02769
2018-07-06,23.52,24.0,23.02,23.74,1154200.0,1154200.0,-0.22,-0.935,23.58667,"July 06, 18",-0.00935
2018-07-09,24.0,24.79,23.21,24.56,1360600.0,1360600.0,-0.56,-2.333,24.18667,"July 09, 18",-0.02333
2018-07-10,24.76,25.24,24.39,24.63,1433300.0,1433300.0,0.13,0.525,24.75333,"July 10, 18",0.00525
2018-07-11,24.54,25.16,24.3,25.1,770300.0,770300.0,-0.56,-2.282,24.85333,"July 11, 18",-0.02282
2018-07-12,25.16,26.28,25.12,25.61,1431600.0,1431600.0,-0.45,-1.789,25.67,"July 12, 18",-0.01789
2018-07-13,25.6,26.05,24.76,25.12,1094600.0,1094600.0,0.48,1.875,25.31,"July 13, 18",0.01875
2018-07-16,25.2,25.8,24.71,25.77,586800.0,586800.0,-0.57,-2.262,25.42667,"July 16, 18",-0.02262
2018-07-17,25.49,26.72,25.46,25.74,993600.0,993600.0,-0.25,-0.981,25.97333,"July 17, 18",-0.00981
2018-07-18,25.78,26.29,25.1,26.07,656500.0,656500.0,-0.29,-1.125,25.82,"July 18, 18",-0.01125
2018-07-19,25.91,26.44,25.34,25.4,747500.0,747500.0,0.51,1.968,25.72667,"July 19, 18",0.01968
2018-07-20,25.5,26.28,25.1,25.43,655900.0,655900.0,0.07,0.275,25.60333,"July 20, 18",0.00275
2018-07-23,25.28,26.97,25.28,26.82,1471400.0,1471400.0,-1.54,-6.092,26.35667,"July 23, 18",-0.06092
2018-07-24,27.0,27.5,25.21,25.47,2099300.0,2099300.0,1.53,5.667,26.06,"July 24, 18",0.05667
2018-07-25,25.16,25.97,25.1,25.4,793700.0,793700.0,-0.24,-0.954,25.49,"July 25, 18",-0.00954
2018-07-26,25.23,25.95,24.62,25.35,1514000.0,1514000.0,-0.12,-0.476,25.30667,"July 26, 18",-0.00476
2018-07-27,25.25,25.3,24.04,24.33,959700.0,959700.0,0.92,3.644,24.55667,"July 27, 18",0.03644
2018-07-30,24.2,24.29,21.7,22.57,1942300.0,1942300.0,1.63,6.736,22.85333,"July 30, 18",0.06736
2018-07-31,22.55,23.06,22.15,22.95,1174100.0,1174100.0,-0.4,-1.774,22.72,"July 31, 18",-0.01774
2018-08-01,23.0,23.13,22.52,22.69,759800.0,759800.0,0.31,1.348,22.78,"August 01, 18",0.01348
2018-08-02,22.71,24.0,22.69,23.78,526100.0,526100.0,-1.07,-4.712,23.49,"August 02, 18",-0.04712
2018-08-03,24.0,24.22,23.24,23.57,550700.0,550700.0,0.43,1.792,23.67667,"August 03, 18",0.01792
2018-08-06,23.57,23.88,23.19,23.8,408300.0,408300.0,-0.23,-0.976,23.62333,"August 06, 18",-0.00976
2018-08-07,24.15,24.48,23.89,24.39,390900.0,390900.0,-0.24,-0.994,24.25333,"August 07, 18",-0.00994
2018-08-08,24.23,24.83,24.05,24.43,449400.0,449400.0,-0.2,-0.825,24.43667,"August 08, 18",-0.00825
2018-08-09,24.69,24.84,23.73,23.78,428000.0,428000.0,0.91,3.686,24.11667,"August 09, 18",0.03686
2018-08-10,23.56,24.18,23.28,23.45,461700.0,461700.0,0.11,0.467,23.63667,"August 10, 18",0.00467
2018-08-13,23.74,23.89,23.0,23.84,425200.0,425200.0,-0.1,-0.421,23.57667,"August 13, 18",-0.00421
2018-08-14,23.8,24.47,23.78,24.23,445500.0,445500.0,-0.43,-1.807,24.16,"August 14, 18",-0.01807
2018-08-15,24.19,24.25,23.4,23.65,570500.0,570500.0,0.54,2.232,23.76667,"August 15, 18",0.02232
2018-08-16,23.93,23.96,23.3,23.43,648100.0,648100.0,0.5,2.089,23.56333,"August 16, 18",0.02089
2018-08-17,23.32,25.15,23.29,24.89,1368500.0,1368500.0,-1.57,-6.732,24.44333,"August 17, 18",-0.06732
2018-08-20,25.0,25.79,24.41,25.71,1428100.0,1428100.0,-0.71,-2.84,25.30333,"August 20, 18",-0.0284
2018-08-21,25.8,26.44,25.13,25.56,1165200.0,1165200.0,0.24,0.93,25.71,"August 21, 18",0.0093
2018-08-22,25.87,26.1,25.59,26.05,1523100.0,1523100.0,-0.18,-0.696,25.91333,"August 22, 18",-0.00696
2018-08-23,25.92,26.46,25.5,25.69,588500.0,588500.0,0.23,0.887,25.88333,"August 23, 18",0.00887
2018-08-24,25.7,27.3,25.7,26.55,1631300.0,1631300.0,-0.85,-3.307,26.51667,"August 24, 18",-0.03307
2018-08-27,27.0,27.4,26.55,26.69,814700.0,814700.0,0.31,1.148,26.88,"August 27, 18",0.01148
2018-08-28,27.07,27.99,26.08,27.43,1312500.0,1312500.0,-0.36,-1.33,27.16667,"August 28, 18",-0.0133
2018-08-29,27.18,28.0,27.05,27.44,841700.0,841700.0,-0.26,-0.957,27.49667,"August 29, 18",-0.00957
2018-08-30,27.86,28.36,26.79,27.63,897900.0,897900.0,0.23,0.826,27.59333,"August 30, 18",0.00826
2018-08-31,27.4,27.86,27.23,27.75,386500.0,386500.0,-0.35,-1.277,27.61333,"August 31, 18",-0.01277
2018-09-04,27.77,28.93,27.5,28.85,1099000.0,1099000.0,-1.08,-3.889,28.42667,"September 04, 18",-0.03889
2018-09-05,28.85,29.15,26.74,27.51,1458900.0,1458900.0,1.34,4.645,27.8,"September 05, 18",0.04645
2018-09-06,27.5,27.92,25.7,26.95,1314200.0,1314200.0,0.55,2.0,26.85667,"September 06, 18",0.02
2018-09-07,26.79,27.46,26.31,26.61,1198400.0,1198400.0,0.18,0.672,26.79333,"September 07, 18",0.00672
2018-09-10,26.9,27.22,26.02,26.92,1864700.0,1864700.0,-0.02,-0.074,26.72,"September 10, 18",-0.00074
2018-09-11,26.93,28.64,26.7,27.98,1603100.0,1603100.0,-1.05,-3.899,27.77333,"September 11, 18",-0.03899
2018-09-12,28.18,28.92,27.05,28.78,6262200.0,6262200.0,-0.6,-2.129,28.25,"September 12, 18",-0.02129
2018-09-13,21.89,23.95,21.88,23.0,17942500.0,17942500.0,-1.11,-5.071,22.94333,"September 13, 18",-0.05071
2018-09-14,23.4,23.44,22.09,22.41,4758300.0,4758300.0,0.99,4.231,22.64667,"September 14, 18",0.04231
2018-09-17,22.1,22.48,21.21,21.31,3592200.0,3592200.0,0.79,3.575,21.66667,"September 17, 18",0.03575
2018-09-18,21.19,21.44,20.0,20.22,3778000.0,3778000.0,0.97,4.578,20.55333,"September 18, 18",0.04578
2018-09-19,20.08,20.19,19.4,19.5,2851700.0,2851700.0,0.58,2.888,19.69667,"September 19, 18",0.02888
2018-09-20,19.5,20.11,19.25,19.88,2158100.0,2158100.0,-0.38,-1.949,19.74667,"September 20, 18",-0.01949
2018-09-21,19.9,20.07,19.53,19.82,1190900.0,1190900.0,0.08,0.402,19.80667,"September 21, 18",0.00402
2018-09-24,19.59,19.98,19.31,19.47,879300.0,879300.0,0.12,0.613,19.58667,"September 24, 18",0.00613
2018-09-25,19.5,19.54,19.02,19.48,1129400.0,1129400.0,0.02,0.103,19.34667,"September 25, 18",0.00103
2018-09-26,19.52,19.75,19.2,19.5,901700.0,901700.0,0.02,0.102,19.48333,"September 26, 18",0.00102
2018-09-27,19.5,19.93,19.31,19.34,671200.0,671200.0,0.16,0.821,19.52667,"September 27, 18",0.00821
2018-09-28,19.36,19.73,19.36,19.58,651100.0,651100.0,-0.22,-1.136,19.55667,"September 28, 18",-0.01136
2018-10-01,19.63,19.87,18.81,18.91,3484800.0,3484800.0,0.72,3.668,19.19667,"October 01, 18",0.03668
2018-10-02,18.75,19.25,18.45,18.9,1739100.0,1739100.0,-0.15,-0.8,18.86667,"October 02, 18",-0.008
2018-10-03,19.02,19.68,18.63,19.35,4293300.0,4293300.0,-0.33,-1.735,19.22,"October 03, 18",-0.01735
2018-10-04,19.4,19.45,19.0,19.39,1098200.0,1098200.0,0.01,0.052,19.28,"October 04, 18",0.00052
2018-10-05,19.26,19.65,18.97,19.5,929200.0,929200.0,-0.24,-1.246,19.37333,"October 05, 18",-0.01246
2018-10-08,18.87,19.46,18.13,19.0,2240300.0,2240300.0,-0.13,-0.689,18.86333,"October 08, 18",-0.00689
2018-10-09,18.85,19.38,18.3,18.49,1738700.0,1738700.0,0.36,1.91,18.72333,"October 09, 18",0.0191
2018-10-10,18.04,18.93,17.56,17.86,1676700.0,1676700.0,0.18,0.998,18.11667,"October 10, 18",0.00998
2018-10-11,17.71,18.27,17.03,17.09,1363900.0,1363900.0,0.62,3.501,17.46333,"October 11, 18",0.03501
2018-10-12,17.63,18.59,17.52,18.54,1447400.0,1447400.0,-0.91,-5.162,18.21667,"October 12, 18",-0.05162
2018-10-15,18.06,18.72,17.81,18.48,1458300.0,1458300.0,-0.42,-2.326,18.33667,"October 15, 18",-0.02326
2018-10-16,18.76,20.0,18.67,19.92,2318900.0,2318900.0,-1.16,-6.183,19.53,"October 16, 18",-0.06183
2018-10-17,18.08,19.12,17.51,18.94,8599600.0,8599600.0,-0.86,-4.757,18.52333,"October 17, 18",-0.04757
2018-10-18,18.26,18.83,18.05,18.37,2233700.0,2233700.0,-0.11,-0.602,18.41667,"October 18, 18",-0.00602
2018-10-19,19.05,20.0,18.14,18.15,1936600.0,1936600.0,0.9,4.724,18.76333,"October 19, 18",0.04724
2018-10-22,18.3,18.95,18.07,18.73,1261500.0,1261500.0,-0.43,-2.35,18.58333,"October 22, 18",-0.0235
2018-10-23,18.5,18.88,18.01,18.38,840400.0,840400.0,0.12,0.649,18.42333,"October 23, 18",0.00649
2018-10-24,18.39,18.57,17.33,17.38,794200.0,794200.0,1.01,5.492,17.76,"October 24, 18",0.05492
2018-10-25,17.4,18.13,17.15,18.1,1100900.0,1100900.0,-0.7,-4.023,17.79333,"October 25, 18",-0.04023
2018-10-26,17.66,18.4,17.4,18.03,971700.0,971700.0,-0.37,-2.095,17.94333,"October 26, 18",-0.02095
2018-10-29,19.3,19.6,18.63,19.07,2425600.0,2425600.0,0.23,1.192,19.1,"October 29, 18",0.01192
2018-10-30,19.1,19.5,18.44,19.0,1803200.0,1803200.0,0.1,0.524,18.98,"October 30, 18",0.00524
2018-10-31,19.25,20.46,18.73,20.4,2395200.0,2395200.0,-1.15,-5.974,19.86333,"October 31, 18",-0.05974
2018-11-01,20.02,21.2,19.91,20.42,1625300.0,1625300.0,-0.4,-1.998,20.51,"November 01, 18",-0.01998
2018-11-02,20.6,20.84,19.01,19.31,1112100.0,1112100.0,1.29,6.262,19.72,"November 02, 18",0.06262
2018-11-05,19.33,19.61,18.4,18.7,3444200.0,3444200.0,0.63,3.259,18.90333,"November 05, 18",0.03259
2018-11-06,18.87,19.49,18.71,18.94,1430800.0,1430800.0,-0.07,-0.371,19.04667,"November 06, 18",-0.00371
2018-11-07,19.03,19.24,18.35,18.76,2060100.0,2060100.0,0.27,1.419,18.78333,"November 07, 18",0.01419
2018-11-08,18.71,18.95,17.44,17.82,2293200.0,2293200.0,0.89,4.757,18.07,"November 08, 18",0.04757
2018-11-09,17.82,18.22,17.64,17.76,1212800.0,1212800.0,0.06,0.337,17.87333,"November 09, 18",0.00337
2018-11-12,17.82,17.98,16.92,17.81,1699400.0,1699400.0,0.01,0.056,17.57,"November 12, 18",0.00056
2018-11-13,18.07,18.34,17.53,17.7,1133500.0,1133500.0,0.37,2.048,17.85667,"November 13, 18",0.02048
2018-11-14,18.0,18.23,17.73,17.9,696400.0,696400.0,0.1,0.556,17.95333,"November 14, 18",0.00556
2018-11-15,17.79,18.57,17.75,18.34,980600.0,980600.0,-0.55,-3.092,18.22,"November 15, 18",-0.03092
2018-11-16,18.29,18.54,17.89,18.34,800900.0,800900.0,-0.05,-0.273,18.25667,"November 16, 18",-0.00273
2018-11-19,18.24,18.27,16.73,16.94,1139900.0,1139900.0,1.3,7.127,17.31333,"November 19, 18",0.07127
2018-11-20,16.32,17.32,16.18,17.28,1174400.0,1174400.0,-0.96,-5.882,16.92667,"November 20, 18",-0.05882
2018-11-21,17.49,17.93,17.28,17.58,541600.0,541600.0,-0.09,-0.515,17.59667,"November 21, 18",-0.00515
2018-11-23,17.22,17.95,17.11,17.69,137900.0,137900.0,-0.47,-2.729,17.58333,"November 23, 18",-0.02729
2018-11-26,17.89,18.48,17.6,18.18,576500.0,576500.0,-0.29,-1.621,18.08667,"November 26, 18",-0.01621
2018-11-27,18.06,18.2,17.29,17.45,760700.0,760700.0,0.61,3.378,17.64667,"November 27, 18",0.03378
2018-11-28,17.64,18.3,17.4,17.92,1234300.0,1234300.0,-0.28,-1.587,17.87333,"November 28, 18",-0.01587
2018-11-29,17.89,18.39,17.7,17.99,1427100.0,1427100.0,-0.1,-0.559,18.02667,"November 29, 18",-0.00559
2018-11-30,18.08,18.26,17.69,17.91,657600.0,657600.0,0.17,0.94,17.95333,"November 30, 18",0.0094
2018-12-03,18.47,18.47,17.09,17.78,1499300.0,1499300.0,0.69,3.736,17.78,"December 03, 18",0.03736
2018-12-04,17.76,18.47,17.57,17.84,1831000.0,1831000.0,-0.08,-0.45,17.96,"December 04, 18",-0.0045
2018-12-06,17.42,18.51,17.32,18.15,1611800.0,1611800.0,-0.73,-4.191,17.99333,"December 06, 18",-0.04191
2018-12-07,18.05,18.4,17.45,17.75,1214900.0,1214900.0,0.3,1.662,17.86667,"December 07, 18",0.01662
2018-12-10,17.55,18.31,17.53,18.03,1551900.0,1551900.0,-0.48,-2.735,17.95667,"December 10, 18",-0.02735
2018-12-11,18.4,18.78,17.56,17.8,3016800.0,3016800.0,0.6,3.261,18.04667,"December 11, 18",0.03261
2018-12-12,18.55,19.38,18.15,18.25,7743300.0,7743300.0,0.3,1.617,18.59333,"December 12, 18",0.01617
2018-12-13,18.01,18.35,16.95,17.06,3215900.0,3215900.0,0.95,5.275,17.45333,"December 13, 18",0.05275
2018-12-14,16.84,17.62,16.8,17.39,1393600.0,1393600.0,-0.55,-3.266,17.27,"December 14, 18",-0.03266
2018-12-17,17.08,17.25,15.46,15.78,2604200.0,2604200.0,1.3,7.611,16.16333,"December 17, 18",0.07611
2018-12-18,16.0,16.25,15.45,15.49,1927500.0,1927500.0,0.51,3.188,15.73,"December 18, 18",0.03188
2018-12-19,15.62,16.08,15.29,15.47,2799900.0,2799900.0,0.15,0.96,15.61333,"December 19, 18",0.0096
2018-12-20,16.04,16.3,15.57,15.84,2776300.0,2776300.0,0.2,1.247,15.90333,"December 20, 18",0.01247
2018-12-21,15.84,15.92,14.94,15.25,1621200.0,1621200.0,0.59,3.725,15.37,"December 21, 18",0.03725
2018-12-24,14.99,15.22,14.43,14.99,897500.0,897500.0,0.0,0.0,14.88,"December 24, 18",0.0
2018-12-26,14.86,15.7,14.86,15.6,1613900.0,1613900.0,-0.74,-4.98,15.38667,"December 26, 18",-0.0498
2018-12-27,15.5,15.78,14.89,15.65,4171300.0,4171300.0,-0.15,-0.968,15.44,"December 27, 18",-0.00968
2018-12-28,15.72,16.05,15.41,15.98,1202700.0,1202700.0,-0.26,-1.654,15.81333,"December 28, 18",-0.01654
2018-12-31,16.0,16.47,15.99,16.35,1289700.0,1289700.0,-0.35,-2.188,16.27,"December 31, 18",-0.02188
2019-01-02,16.0,16.54,15.83,16.32,1682400.0,1682400.0,-0.32,-2.0,16.23,"January 02, 19",-0.02
2019-01-03,16.08,16.68,15.81,16.53,2154700.0,2154700.0,-0.45,-2.799,16.34,"January 03, 19",-0.02799
2019-01-04,16.74,17.86,16.7,17.21,2392400.0,2392400.0,-0.47,-2.808,17.25667,"January 04, 19",-0.02808
2019-01-07,17.27,17.95,17.27,17.85,1260600.0,1260600.0,-0.58,-3.358,17.69,"January 07, 19",-0.03358
2019-01-08,18.63,19.48,17.62,17.66,7564800.0,7564800.0,0.97,5.207,18.25333,"January 08, 19",0.05207
2019-01-09,17.7,18.18,17.35,17.5,1119700.0,1119700.0,0.2,1.13,17.67667,"January 09, 19",0.0113
2019-01-10,17.35,17.9,17.27,17.43,770700.0,770700.0,-0.08,-0.461,17.53333,"January 10, 19",-0.00461
2019-01-11,17.06,17.7,17.06,17.54,852400.0,852400.0,-0.48,-2.814,17.43333,"January 11, 19",-0.02814
2019-01-14,17.38,17.49,16.8,16.83,1097300.0,1097300.0,0.55,3.165,17.04,"January 14, 19",0.03165
2019-01-15,16.55,17.31,16.55,17.19,1553900.0,1553900.0,-0.64,-3.867,17.01667,"January 15, 19",-0.03867
2019-01-16,17.09,17.44,16.75,16.8,813600.0,813600.0,0.29,1.697,16.99667,"January 16, 19",0.01697
2019-01-17,16.78,17.05,16.5,16.67,941900.0,941900.0,0.11,0.656,16.74,"January 17, 19",0.00656
2019-01-18,16.91,17.39,16.6,17.14,1174200.0,1174200.0,-0.23,-1.36,17.04333,"January 18, 19",-0.0136
2019-01-22,16.99,17.16,16.55,16.74,1005500.0,1005500.0,0.25,1.471,16.81667,"January 22, 19",0.01471
2019-01-23,16.88,17.2,16.52,16.8,596800.0,596800.0,0.08,0.474,16.84,"January 23, 19",0.00474
2019-01-24,16.81,17.33,16.66,17.32,470500.0,470500.0,-0.51,-3.034,17.10333,"January 24, 19",-0.03034
2019-01-25,17.44,17.73,17.24,17.55,715900.0,715900.0,-0.11,-0.631,17.50667,"January 25, 19",-0.00631
2019-01-28,17.42,17.87,17.29,17.52,2481200.0,2481200.0,-0.1,-0.574,17.56,"January 28, 19",-0.00574
2019-01-29,17.54,17.82,17.1,17.2,1632200.0,1632200.0,0.34,1.938,17.37333,"January 29, 19",0.01938
2019-01-30,17.27,18.7,17.26,18.52,3815400.0,3815400.0,-1.25,-7.238,18.16,"January 30, 19",-0.07238
2019-01-31,18.55,19.09,18.13,18.49,2743400.0,2743400.0,0.06,0.323,18.57,"January 31, 19",0.00323
2019-02-01,18.17,18.52,18.04,18.47,1942500.0,1942500.0,-0.3,-1.651,18.34333,"February 01, 19",-0.01651
2019-02-04,18.34,18.98,18.34,18.88,1975100.0,1975100.0,-0.54,-2.944,18.73333,"February 04, 19",-0.02944
2019-02-05,19.0,19.74,18.96,19.69,999800.0,999800.0,-0.69,-3.632,19.46333,"February 05, 19",-0.03632
2019-02-06,19.65,19.88,18.95,19.61,817300.0,817300.0,0.04,0.204,19.48,"February 06, 19",0.00204
2019-02-07,19.5,19.75,19.22,19.28,835000.0,835000.0,0.22,1.128,19.41667,"February 07, 19",0.01128
2019-02-08,19.05,19.55,19.01,19.52,266400.0,266400.0,-0.47,-2.467,19.36,"February 08, 19",-0.02467
2019-02-11,19.4,19.74,18.85,19.13,1241900.0,1241900.0,0.27,1.392,19.24,"February 11, 19",0.01392
2019-02-12,19.24,19.6,19.18,19.48,845800.0,845800.0,-0.24,-1.247,19.42,"February 12, 19",-0.01247
2019-02-13,19.48,19.56,18.93,19.23,855700.0,855700.0,0.25,1.283,19.24,"February 13, 19",0.01283
2019-02-14,19.2,20.43,19.06,20.22,1932400.0,1932400.0,-1.02,-5.313,19.90333,"February 14, 19",-0.05313
2019-02-15,20.3,21.43,20.3,21.16,4079600.0,4079600.0,-0.86,-4.236,20.96333,"February 15, 19",-0.04236
2019-02-19,20.66,20.98,20.03,20.53,4534700.0,4534700.0,0.13,0.629,20.51333,"February 19, 19",0.00629
2019-02-20,20.66,20.8,19.56,20.16,2987000.0,2987000.0,0.5,2.42,20.17333,"February 20, 19",0.0242
2019-02-21,20.13,20.94,20.13,20.85,1323900.0,1323900.0,-0.72,-3.577,20.64,"February 21, 19",-0.03577
2019-02-22,20.87,21.22,20.64,20.92,1114500.0,1114500.0,-0.05,-0.24,20.92667,"February 22, 19",-0.0024
2019-02-25,21.28,21.58,20.91,20.91,1694400.0,1694400.0,0.37,1.739,21.13333,"February 25, 19",0.01739
2019-02-26,20.92,22.49,20.79,22.18,2009800.0,2009800.0,-1.26,-6.023,21.82,"February 26, 19",-0.06023
2019-02-27,24.12,24.39,22.77,23.65,9575200.0,9575200.0,0.47,1.949,23.60333,"February 27, 19",0.01949
2019-02-28,23.5,23.65,22.28,22.42,1674500.0,1674500.0,1.08,4.596,22.78333,"February 28, 19",0.04596
2019-03-01,22.65,22.83,22.26,22.52,1104700.0,1104700.0,0.13,0.574,22.53667,"March 01, 19",0.00574
2019-03-04,22.74,22.95,21.8,22.22,1444300.0,1444300.0,0.52,2.287,22.32333,"March 04, 19",0.02287
2019-03-05,22.25,22.32,21.68,21.84,498800.0,498800.0,0.41,1.843,21.94667,"March 05, 19",0.01843
2019-03-06,20.8,21.07,19.72,20.09,3389900.0,3389900.0,0.71,3.413,20.29333,"March 06, 19",0.03413
2019-03-07,20.04,20.81,20.03,20.51,1198000.0,1198000.0,-0.47,-2.345,20.45,"March 07, 19",-0.02345
2019-03-08,20.16,20.74,19.81,20.68,759400.0,759400.0,-0.52,-2.579,20.41,"March 08, 19",-0.02579
2019-03-11,20.83,22.02,20.79,22.0,2787500.0,2787500.0,-1.17,-5.617,21.60333,"March 11, 19",-0.05617
2019-03-12,21.89,22.46,21.76,22.41,1707900.0,1707900.0,-0.52,-2.376,22.21,"March 12, 19",-0.02376
2019-03-13,22.49,22.89,22.15,22.33,1957400.0,1957400.0,0.16,0.711,22.45667,"March 13, 19",0.00711
2019-03-14,21.87,22.72,21.43,22.4,3112400.0,3112400.0,-0.53,-2.423,22.18333,"March 14, 19",-0.02423
2019-03-15,22.5,22.73,20.86,21.52,5237000.0,5237000.0,0.98,4.356,21.70333,"March 15, 19",0.04356
2019-03-18,20.22,21.0,19.5,19.76,5992100.0,5992100.0,0.46,2.275,20.08667,"March 18, 19",0.02275
2019-03-19,19.98,20.46,19.79,19.97,2313100.0,2313100.0,0.01,0.05,20.07333,"March 19, 19",0.0005
2019-03-20,19.97,20.49,19.24,19.94,2772900.0,2772900.0,0.03,0.15,19.89,"March 20, 19",0.0015
2019-03-21,19.8,21.41,19.79,21.36,3053400.0,3053400.0,-1.56,-7.879,20.85333,"March 21, 19",-0.07879
2019-03-22,20.58,21.0,20.51,20.66,2457600.0,2457600.0,-0.08,-0.389,20.72333,"March 22, 19",-0.00389
2019-03-25,20.28,20.73,19.94,20.45,987800.0,987800.0,-0.17,-0.838,20.37333,"March 25, 19",-0.00838
2019-03-26,20.57,21.15,20.37,20.75,1455900.0,1455900.0,-0.18,-0.875,20.75667,"March 26, 19",-0.00875
2019-03-27,20.7,20.85,19.85,20.28,1293200.0,1293200.0,0.42,2.029,20.32667,"March 27, 19",0.02029
2019-03-28,20.55,20.76,20.21,20.71,1210900.0,1210900.0,-0.16,-0.779,20.56,"March 28, 19",-0.00779
2019-03-29,20.63,21.0,20.5,20.85,1233600.0,1233600.0,-0.22,-1.066,20.78333,"March 29, 19",-0.01066
2019-04-01,20.97,21.0,20.61,20.95,1134900.0,1134900.0,0.02,0.095,20.85333,"April 01, 19",0.00095
2019-04-02,20.83,21.25,20.62,21.14,848300.0,848300.0,-0.31,-1.488,21.00333,"April 02, 19",-0.01488
2019-04-03,21.2,21.48,20.96,21.13,746800.0,746800.0,0.07,0.33,21.19,"April 03, 19",0.0033
2019-04-04,20.98,21.11,19.74,19.81,1382800.0,1382800.0,1.17,5.577,20.22,"April 04, 19",0.05577
2019-04-05,19.91,20.22,19.75,20.18,1802700.0,1802700.0,-0.27,-1.356,20.05,"April 05, 19",-0.01356
2019-04-08,20.0,20.25,19.8,20.19,1016300.0,1016300.0,-0.19,-0.95,20.08,"April 08, 19",-0.0095
2019-04-09,19.95,20.41,19.9,20.01,919500.0,919500.0,-0.06,-0.301,20.10667,"April 09, 19",-0.00301
2019-04-10,20.0,20.21,19.66,20.08,1101200.0,1101200.0,-0.08,-0.4,19.98333,"April 10, 19",-0.004
2019-04-11,20.11,20.16,19.83,19.95,1778200.0,1778200.0,0.16,0.796,19.98,"April 11, 19",0.00796
2019-04-12,20.0,20.02,19.69,19.84,1264700.0,1264700.0,0.16,0.8,19.85,"April 12, 19",0.008
2019-04-15,19.82,19.96,19.23,19.54,1377300.0,1377300.0,0.28,1.413,19.57667,"April 15, 19",0.01413
2019-04-16,19.55,19.8,19.18,19.41,719000.0,719000.0,0.14,0.716,19.46333,"April 16, 19",0.00716
2019-04-17,19.45,19.46,18.57,18.67,1097100.0,1097100.0,0.78,4.01,18.9,"April 17, 19",0.0401
2019-04-18,18.66,18.78,18.24,18.58,1063000.0,1063000.0,0.08,0.429,18.53333,"April 18, 19",0.00429
2019-04-22,18.58,19.2,18.58,19.13,680400.0,680400.0,-0.55,-2.96,18.97,"April 22, 19",-0.0296
2019-04-23,19.16,19.9,19.16,19.9,1153200.0,1153200.0,-0.74,-3.862,19.65333,"April 23, 19",-0.03862
2019-04-24,19.9,20.45,19.78,20.44,750900.0,750900.0,-0.54,-2.714,20.22333,"April 24, 19",-0.02714
2019-04-25,20.46,20.88,20.13,20.73,1048700.0,1048700.0,-0.27,-1.32,20.58,"April 25, 19",-0.0132
2019-04-26,20.76,21.45,20.68,21.35,901300.0,901300.0,-0.59,-2.842,21.16,"April 26, 19",-0.02842
2019-04-29,21.44,22.15,21.14,21.94,1223200.0,1223200.0,-0.5,-2.332,21.74333,"April 29, 19",-0.02332
2019-04-30,21.97,22.32,21.7,21.7,1509500.0,1509500.0,0.27,1.229,21.90667,"April 30, 19",0.01229
2019-05-01,21.6,21.73,20.87,21.5,749200.0,749200.0,0.1,0.463,21.36667,"May 01, 19",0.00463
2019-05-02,21.53,21.75,20.93,21.17,452700.0,452700.0,0.36,1.672,21.28333,"May 02, 19",0.01672
2019-05-03,21.15,21.63,20.91,21.4,486900.0,486900.0,-0.25,-1.182,21.31333,"May 03, 19",-0.01182
2019-05-06,20.88,21.39,20.75,21.32,402300.0,402300.0,-0.44,-2.107,21.15333,"May 06, 19",-0.02107
2019-05-07,21.07,21.28,20.8,21.12,501600.0,501600.0,-0.05,-0.237,21.06667,"May 07, 19",-0.00237
2019-05-08,21.05,21.47,20.95,21.21,405400.0,405400.0,-0.16,-0.76,21.21,"May 08, 19",-0.0076
2019-05-09,21.0,21.39,20.56,21.28,345400.0,345400.0,-0.28,-1.333,21.07667,"May 09, 19",-0.01333
2019-05-10,21.12,21.63,20.63,21.25,353000.0,353000.0,-0.13,-0.616,21.17,"May 10, 19",-0.00616
2019-05-13,20.72,20.93,19.21,19.26,768300.0,768300.0,1.46,7.046,19.8,"May 13, 19",0.07046
2019-05-14,19.46,19.84,19.35,19.71,669000.0,669000.0,-0.25,-1.285,19.63333,"May 14, 19",-0.01285
2019-05-15,19.64,20.37,19.56,20.28,481900.0,481900.0,-0.64,-3.259,20.07,"May 15, 19",-0.03259
2019-05-16,20.44,20.81,20.22,20.56,455800.0,455800.0,-0.12,-0.587,20.53,"May 16, 19",-0.00587
2019-05-17,20.46,20.76,19.97,20.04,531200.0,531200.0,0.42,2.053,20.25667,"May 17, 19",0.02053
2019-05-20,19.75,20.75,19.58,20.43,692300.0,692300.0,-0.68,-3.443,20.25333,"May 20, 19",-0.03443
2019-05-21,20.71,21.16,20.7,20.92,565800.0,565800.0,-0.21,-1.014,20.92667,"May 21, 19",-0.01014
2019-05-22,20.9,21.48,20.86,21.14,607600.0,607600.0,-0.24,-1.148,21.16,"May 22, 19",-0.01148
2019-05-23,20.9,21.06,20.46,20.71,665900.0,665900.0,0.19,0.909,20.74333,"May 23, 19",0.00909
2019-05-24,20.89,21.36,20.86,21.36,2396800.0,2396800.0,-0.47,-2.25,21.19333,"May 24, 19",-0.0225
2019-05-28,21.36,21.8,20.88,21.05,1551200.0,1551200.0,0.31,1.451,21.24333,"May 28, 19",0.01451
2019-05-29,20.86,21.39,20.5,21.39,757300.0,757300.0,-0.53,-2.541,21.09333,"May 29, 19",-0.02541
2019-05-30,21.44,21.63,21.16,21.44,384800.0,384800.0,0.0,0.0,21.41,"May 30, 19",0.0
2019-05-31,21.01,21.07,19.77,19.9,1080300.0,1080300.0,1.11,5.283,20.24667,"May 31, 19",0.05283
2019-06-03,19.93,20.21,18.52,18.68,1254200.0,1254200.0,1.25,6.272,19.13667,"June 03, 19",0.06272
2019-06-04,18.89,19.17,18.16,18.54,4947000.0,4947000.0,0.35,1.853,18.62333,"June 04, 19",0.01853
2019-06-05,12.74,12.95,10.1,10.89,38256500.0,38256500.0,1.85,14.521,11.31333,"June 05, 19",0.14521
2019-06-06,10.81,11.2,10.45,10.86,9756000.0,9756000.0,-0.05,-0.463,10.83667,"June 06, 19",-0.00463
2019-06-07,11.03,11.05,10.53,10.82,6781100.0,6781100.0,0.21,1.904,10.8,"June 07, 19",0.01904
2019-06-10,10.88,11.45,10.88,11.15,5194200.0,5194200.0,-0.27,-2.482,11.16,"June 10, 19",-0.02482
2019-06-11,11.2,11.3,10.62,10.74,4113600.0,4113600.0,0.46,4.107,10.88667,"June 11, 19",0.04107
2019-06-12,10.83,11.1,10.82,10.95,3970300.0,3970300.0,-0.12,-1.108,10.95667,"June 12, 19",-0.01108
2019-06-13,10.86,11.03,10.67,10.89,5070200.0,5070200.0,-0.03,-0.276,10.86333,"June 13, 19",-0.00276
2019-06-14,10.83,10.99,10.63,10.86,3489400.0,3489400.0,-0.03,-0.277,10.82667,"June 14, 19",-0.00277
2019-06-17,10.75,11.48,10.71,11.26,3252100.0,3252100.0,-0.51,-4.744,11.15,"June 17, 19",-0.04744
2019-06-18,11.46,11.48,11.19,11.29,1802900.0,1802900.0,0.17,1.483,11.32,"June 18, 19",0.01483
2019-06-19,11.26,11.79,11.18,11.56,2685100.0,2685100.0,-0.3,-2.664,11.51,"June 19, 19",-0.02664
2019-06-20,11.65,11.88,11.19,11.37,2218700.0,2218700.0,0.28,2.403,11.48,"June 20, 19",0.02403
2019-06-21,11.31,11.74,11.27,11.49,5525600.0,5525600.0,-0.18,-1.592,11.5,"June 21, 19",-0.01592
2019-06-24,11.5,11.51,11.08,11.35,2159300.0,2159300.0,0.15,1.304,11.31333,"June 24, 19",0.01304
2019-06-25,10.97,11.24,10.86,10.89,2418500.0,2418500.0,0.08,0.729,10.99667,"June 25, 19",0.00729
2019-06-26,10.94,11.04,10.3,10.37,3074200.0,3074200.0,0.57,5.21,10.57,"June 26, 19",0.0521
2019-06-27,10.38,10.64,10.3,10.42,2201200.0,2201200.0,-0.04,-0.385,10.45333,"June 27, 19",-0.00385
2019-06-28,10.41,10.63,10.36,10.56,1574500.0,1574500.0,-0.15,-1.441,10.51667,"June 28, 19",-0.01441
2019-07-01,10.67,10.87,10.56,10.6,1827000.0,1827000.0,0.07,0.656,10.67667,"July 01, 19",0.00656
2019-07-02,10.66,10.66,10.45,10.49,1440700.0,1440700.0,0.17,1.595,10.53333,"July 02, 19",0.01595
2019-07-03,10.54,10.77,10.46,10.49,865800.0,865800.0,0.05,0.474,10.57333,"July 03, 19",0.00474
2019-07-05,10.5,10.68,10.44,10.58,1266600.0,1266600.0,-0.08,-0.762,10.56667,"July 05, 19",-0.00762
2019-07-08,10.55,10.64,10.32,10.6,1754400.0,1754400.0,-0.05,-0.474,10.52,"July 08, 19",-0.00474
2019-07-09,10.55,10.97,10.5,10.8,4608000.0,4608000.0,-0.25,-2.37,10.75667,"July 09, 19",-0.0237
2019-07-10,10.88,11.2,10.75,10.78,3163600.0,3163600.0,0.1,0.919,10.91,"July 10, 19",0.00919
2019-07-11,10.75,11.0,10.67,10.81,1952800.0,1952800.0,-0.06,-0.558,10.82667,"July 11, 19",-0.00558
2019-07-12,10.8,10.81,10.47,10.57,2213200.0,2213200.0,0.23,2.13,10.61667,"July 12, 19",0.0213
2019-07-15,10.56,10.59,10.25,10.26,2163400.0,2163400.0,0.3,2.841,10.36667,"July 15, 19",0.02841
2019-07-16,10.3,10.31,9.99,10.09,3204500.0,3204500.0,0.21,2.039,10.13,"July 16, 19",0.02039
2019-07-17,10.03,10.29,9.89,10.26,2687800.0,2687800.0,-0.23,-2.293,10.14667,"July 17, 19",-0.02293
2019-07-18,10.15,10.44,10.06,10.38,2227900.0,2227900.0,-0.23,-2.266,10.29333,"July 18, 19",-0.02266
2019-07-19,10.43,10.43,10.05,10.09,1314700.0,1314700.0,0.34,3.26,10.19,"July 19, 19",0.0326
2019-07-22,10.15,10.22,9.93,10.15,3147800.0,3147800.0,0.0,0.0,10.1,"July 22, 19",0.0
2019-07-23,10.16,10.22,9.87,9.9,1973500.0,1973500.0,0.26,2.559,9.99667,"July 23, 19",0.02559
2019-07-24,9.93,10.0,9.64,9.88,3463800.0,3463800.0,0.05,0.504,9.84,"July 24, 19",0.00504
2019-07-25,9.87,10.0,9.67,9.75,1513700.0,1513700.0,0.12,1.216,9.80667,"July 25, 19",0.01216
2019-07-26,9.83,9.99,9.78,9.91,1451800.0,1451800.0,-0.08,-0.814,9.89333,"July 26, 19",-0.00814
2019-07-29,9.91,9.92,9.35,9.52,3189100.0,3189100.0,0.39,3.935,9.59667,"July 29, 19",0.03935
2019-07-30,9.44,9.66,9.37,9.57,2343200.0,2343200.0,-0.13,-1.377,9.53333,"July 30, 19",-0.01377
2019-07-31,9.56,9.62,9.34,9.48,1432300.0,1432300.0,0.08,0.837,9.48,"July 31, 19",0.00837
2019-08-01,9.45,9.77,9.4,9.67,1853800.0,1853800.0,-0.22,-2.328,9.61333,"August 01, 19",-0.02328
2019-08-02,9.66,9.66,9.39,9.46,1405900.0,1405900.0,0.2,2.07,9.50333,"August 02, 19",0.0207
2019-08-05,9.44,9.46,8.88,9.06,2015600.0,2015600.0,0.38,4.025,9.13333,"August 05, 19",0.04025
2019-08-06,9.16,9.25,8.57,8.73,2308600.0,2308600.0,0.43,4.694,8.85,"August 06, 19",0.04694
2019-08-07,8.62,8.68,8.44,8.63,1836800.0,1836800.0,-0.01,-0.116,8.58333,"August 07, 19",-0.00116
2019-08-08,8.73,8.95,8.7,8.86,1065600.0,1065600.0,-0.13,-1.489,8.83667,"August 08, 19",-0.01489
2019-08-09,8.8,8.91,8.27,8.35,2733600.0,2733600.0,0.45,5.114,8.51,"August 09, 19",0.05114
2019-08-12,8.33,8.64,8.19,8.45,1739500.0,1739500.0,-0.12,-1.441,8.42667,"August 12, 19",-0.01441
2019-08-13,8.4,8.66,8.38,8.46,1220700.0,1220700.0,-0.06,-0.714,8.5,"August 13, 19",-0.00714
2019-08-14,8.3,8.4,8.03,8.3,2824400.0,2824400.0,0.0,0.0,8.24333,"August 14, 19",0.0
2019-08-15,14.28,14.3,13.35,14.0,31259600.0,31259600.0,0.28,1.961,13.88333,"August 15, 19",0.01961
2019-08-16,13.93,14.08,13.92,14.0,8681100.0,8681100.0,-0.07,-0.503,14.0,"August 16, 19",-0.00503
2019-08-19,14.01,14.12,13.84,13.85,3104400.0,3104400.0,0.16,1.142,13.93667,"August 19, 19",0.01142
2019-08-20,13.75,13.92,13.61,13.69,3349600.0,3349600.0,0.06,0.436,13.74,"August 20, 19",0.00436
2019-08-21,13.67,13.78,13.62,13.67,1403800.0,1403800.0,0.0,0.0,13.69,"August 21, 19",0.0
2019-08-22,13.64,13.85,13.6,13.7,8599300.0,8599300.0,-0.06,-0.44,13.71667,"August 22, 19",-0.0044
2019-08-23,14.88,14.94,14.85,14.88,71095900.0,71095900.0,0.0,0.0,14.89,"August 23, 19",0.0
2019-08-26,14.89,14.9,14.86,14.87,4627200.0,4627200.0,0.02,0.134,14.87667,"August 26, 19",0.00134
2019-08-27,14.88,14.9,14.87,14.9,4005500.0,4005500.0,-0.02,-0.134,14.89,"August 27, 19",-0.00134
2019-08-28,14.89,14.92,14.88,14.9,3029100.0,3029100.0,-0.01,-0.067,14.9,"August 28, 19",-0.00067
2019-08-29,14.88,14.91,14.88,14.9,3343200.0,3343200.0,-0.02,-0.134,14.89667,"August 29, 19",-0.00134
2019-08-30,14.9,14.91,14.88,14.91,1807200.0,1807200.0,-0.01,-0.067,14.9,"August 30, 19",-0.00067
2019-09-03,14.9,14.92,14.86,14.89,2270800.0,2270800.0,0.01,0.067,14.89,"September 03, 19",0.00067
2019-09-04,14.9,14.93,14.87,14.93,2536300.0,2536300.0,-0.03,-0.201,14.91,"September 04, 19",-0.00201
2019-09-05,14.9,14.96,14.89,14.95,2902000.0,2902000.0,-0.05,-0.336,14.93333,"September 05, 19",-0.00336
2019-09-06,14.91,14.92,14.86,14.86,3597800.0,3597800.0,0.05,0.335,14.88,"September 06, 19",0.00335
2019-09-09,14.87,14.9,14.86,14.87,5637300.0,5637300.0,0.0,0.0,14.87667,"September 09, 19",0.0
2019-09-10,14.87,14.9,14.87,14.9,2451000.0,2451000.0,-0.03,-0.202,14.89,"September 10, 19",-0.00202
2019-09-11,14.88,14.9,14.87,14.9,1857300.0,1857300.0,-0.02,-0.134,14.89,"September 11, 19",-0.00134
2019-09-12,14.89,14.9,14.87,14.89,2311600.0,2311600.0,0.0,0.0,14.88667,"September 12, 19",0.0
2019-09-13,14.88,14.9,14.88,14.89,1232200.0,1232200.0,-0.01,-0.067,14.89,"September 13, 19",-0.00067
2019-09-16,14.89,14.9,14.87,14.88,1713900.0,1713900.0,0.01,0.067,14.88333,"September 16, 19",0.00067
2019-09-17,14.87,14.89,14.87,14.87,1515600.0,1515600.0,0.0,0.0,14.87667,"September 17, 19",0.0
2019-09-18,14.88,14.88,14.86,14.88,2189400.0,2189400.0,0.0,0.0,14.87333,"September 18, 19",0.0
2019-09-19,14.87,14.88,14.86,14.86,5598800.0,5598800.0,0.01,0.067,14.86667,"September 19, 19",0.00067
2019-09-20,14.88,14.88,14.86,14.86,6306100.0,6306100.0,0.02,0.134,14.86667,"September 20, 19",0.00134
2019-09-23,14.87,14.88,14.87,14.87,1552900.0,1552900.0,0.0,0.0,14.87333,"September 23, 19",0.0
2019-09-24,14.87,14.89,14.87,14.87,1493000.0,1493000.0,0.0,0.0,14.87667,"September 24, 19",0.0
2019-09-25,14.88,14.9,14.87,14.88,926400.0,926400.0,0.0,0.0,14.88333,"September 25, 19",0.0
2019-09-26,14.89,14.9,14.88,14.89,1168600.0,1168600.0,0.0,0.0,14.89,"September 26, 19",0.0
2019-09-27,14.88,14.9,14.88,14.89,1643717.0,1643717.0,-0.01,-0.067,14.89,"September 27, 19",-0.00067
2019-09-30,14.9,14.93,14.89,14.92,6328600.0,6328600.0,-0.02,-0.134,14.91333,"September 30, 19",-0.00134
2019-10-01,14.93,14.93,14.89,14.9,1630800.0,1630800.0,0.03,0.201,14.90667,"October 01, 19",0.00201
2019-10-02,14.9,14.91,14.89,14.89,2002400.0,2002400.0,0.01,0.067,14.89667,"October 02, 19",0.00067
2019-10-03,14.87,14.92,14.87,14.89,4798100.0,4798100.0,-0.02,-0.134,14.89333,"October 03, 19",-0.00134
2019-10-04,14.89,14.91,14.89,14.9,1360800.0,1360800.0,-0.01,-0.067,14.9,"October 04, 19",-0.00067
2019-10-07,14.9,14.91,14.9,14.91,731500.0,731500.0,-0.01,-0.067,14.90667,"October 07, 19",-0.00067
2019-10-08,14.9,14.92,14.9,14.91,1295800.0,1295800.0,-0.01,-0.067,14.91,"October 08, 19",-0.00067
2019-10-09,14.91,14.92,14.9,14.9,914400.0,914400.0,0.01,0.067,14.90667,"October 09, 19",0.00067
2019-10-10,14.91,14.93,14.9,14.93,2006400.0,2006400.0,-0.02,-0.134,14.92,"October 10, 19",-0.00134
2019-10-11,14.91,14.93,14.91,14.92,1220600.0,1220600.0,-0.01,-0.067,14.92,"October 11, 19",-0.00067
2019-10-14,14.9,14.93,14.9,14.92,587000.0,587000.0,-0.02,-0.134,14.91667,"October 14, 19",-0.00134
2019-10-15,14.91,14.93,14.91,14.92,918000.0,918000.0,-0.01,-0.067,14.92,"October 15, 19",-0.00067
2019-10-16,14.91,14.93,14.91,14.92,1362100.0,1362100.0,-0.01,-0.067,14.92,"October 16, 19",-0.00067
2019-10-17,14.91,14.94,14.91,14.92,2892000.0,2892000.0,-0.01,-0.067,14.92333,"October 17, 19",-0.00067
2019-10-18,14.92,14.94,14.92,14.93,2434800.0,2434800.0,-0.01,-0.067,14.93,"October 18, 19",-0.00067
2019-10-21,14.93,14.94,14.93,14.94,1150700.0,1150700.0,-0.01,-0.067,14.93667,"October 21, 19",-0.00067
2019-10-22,14.94,14.98,14.94,14.98,1657600.0,1657600.0,-0.04,-0.268,14.96667,"October 22, 19",-0.00268
2019-10-23,14.96,14.98,14.96,14.96,1659500.0,1659500.0,0.0,0.0,14.96667,"October 23, 19",0.0
2019-10-24,14.96,14.98,14.96,14.98,1103400.0,1103400.0,-0.02,-0.134,14.97333,"October 24, 19",-0.00134
2019-10-25,14.97,14.99,14.97,14.98,1115600.0,1115600.0,-0.01,-0.067,14.98,"October 25, 19",-0.00067
2019-10-28,14.99,14.99,14.97,14.97,927900.0,927900.0,0.02,0.133,14.97667,"October 28, 19",0.00133
2019-10-29,14.97,14.98,14.97,14.97,1146700.0,1146700.0,0.0,0.0,14.97333,"October 29, 19",0.0
2019-10-30,14.97,14.99,14.97,14.99,672400.0,672400.0,-0.02,-0.134,14.98333,"October 30, 19",-0.00134
2019-10-31,14.98,14.99,14.97,14.97,296910000.0,296910000.0,0.01,0.067,14.97667,"October 31, 19",0.00067
2019-11-01,14.97,14.99,14.97,14.99,1501200.0,1501200.0,-0.02,-0.134,14.98333,"November 01, 19",-0.00134
2019-11-04,14.99,14.99,14.96,14.96,658900.0,658900.0,0.03,0.2,14.97,"November 04, 19",0.002
2019-11-05,14.97,14.98,14.96,14.98,836600.0,836600.0,-0.01,-0.067,14.97333,"November 05, 19",-0.00067
2019-11-06,14.98,15.05,14.97,15.05,960200.0,960200.0,-0.07,-0.467,15.02333,"November 06, 19",-0.00467
2019-11-07,14.98,15.0,14.97,14.97,979200.0,979200.0,0.01,0.067,14.98,"November 07, 19",0.00067
2019-11-08,14.98,15.0,14.98,14.99,417300.0,417300.0,-0.01,-0.067,14.99,"November 08, 19",-0.00067
2019-11-11,14.98,14.99,14.97,14.98,650700.0,650700.0,0.0,0.0,14.98,"November 11, 19",0.0
2019-11-12,14.98,15.03,14.98,15.03,682000.0,682000.0,-0.05,-0.334,15.01333,"November 12, 19",-0.00334
2019-11-13,15.01,15.02,14.99,15.02,971900.0,971900.0,-0.01,-0.067,15.01,"November 13, 19",-0.00067
2019-11-14,15.0,15.01,14.98,14.99,399200.0,399200.0,0.01,0.067,14.99333,"November 14, 19",0.00067
2019-11-15,15.01,15.01,14.98,15.01,430300.0,430300.0,0.0,0.0,15.0,"November 15, 19",0.0
2019-11-18,14.99,15.02,14.99,15.01,1097300.0,1097300.0,-0.02,-0.133,15.00667,"November 18, 19",-0.00133
2019-11-19,15.0,15.02,15.0,15.0,623300.0,623300.0,0.0,0.0,15.00667,"November 19, 19",0.0
2019-11-20,15.01,15.01,15.0,15.01,325500.0,325500.0,0.0,0.0,15.00667,"November 20, 19",0.0
2019-11-21,15.02,15.02,15.0,15.0,539400.0,539400.0,0.02,0.133,15.00667,"November 21, 19",0.00133
2019-11-22,15.01,15.01,15.0,15.0,438600.0,438600.0,0.01,0.067,15.00333,"November 22, 19",0.00067
2019-11-25,15.01,15.01,15.0,15.0,277800.0,277800.0,0.01,0.067,15.00333,"November 25, 19",0.00067
2019-11-26,14.99,15.01,14.97,15.01,799100.0,799100.0,-0.02,-0.133,14.99667,"November 26, 19",-0.00133
2019-11-27,15.0,15.01,14.98,14.98,910500.0,910500.0,0.02,0.133,14.99,"November 27, 19",0.00133
2019-11-29,15.0,15.06,14.97,15.02,802600.0,802600.0,-0.02,-0.133,15.01667,"November 29, 19",-0.00133
2019-12-02,14.99,15.0,14.97,14.99,671000.0,671000.0,0.0,0.0,14.98667,"December 02, 19",0.0
2019-12-03,14.98,15.01,14.97,14.99,1068100.0,1068100.0,-0.01,-0.067,14.99,"December 03, 19",-0.00067
2019-12-04,14.98,15.03,14.98,15.0,3249400.0,3249400.0,-0.02,-0.134,15.00333,"December 04, 19",-0.00134
2019-12-05,15.0,15.02,14.99,15.01,479700.0,479700.0,-0.01,-0.067,15.00667,"December 05, 19",-0.00067
2019-12-06,15.0,15.01,14.99,14.99,473300.0,473300.0,0.01,0.067,14.99667,"December 06, 19",0.00067
2019-12-09,14.99,15.01,14.99,15.0,821300.0,821300.0,-0.01,-0.067,15.0,"December 09, 19",-0.00067
2019-12-10,14.99,15.0,14.98,15.0,1651600.0,1651600.0,-0.01,-0.067,14.99333,"December 10, 19",-0.00067
2019-12-11,14.98,15.0,14.97,14.97,2685800.0,2685800.0,0.01,0.067,14.98,"December 11, 19",0.00067
2019-12-12,14.97,14.99,14.97,14.99,3724600.0,3724600.0,-0.02,-0.134,14.98333,"December 12, 19",-0.00134
2019-12-13,14.98,14.99,14.98,14.99,986500.0,986500.0,-0.01,-0.067,14.98667,"December 13, 19",-0.00067
2019-12-16,14.99,15.0,14.98,14.98,3152600.0,3152600.0,0.01,0.067,14.98667,"December 16, 19",0.00067
2019-12-17,14.99,15.01,14.99,15.01,1057500.0,1057500.0,-0.02,-0.133,15.00333,"December 17, 19",-0.00133
2019-12-18,15.0,15.01,14.99,15.01,600200.0,600200.0,-0.01,-0.067,15.00333,"December 18, 19",-0.00067
2019-12-19,15.0,15.01,14.99,15.0,296600.0,296600.0,0.0,0.0,15.0,"December 19, 19",0.0
2019-12-20,14.99,15.0,14.98,14.99,1026800.0,1026800.0,0.0,0.0,14.99,"December 20, 19",0.0
2019-12-23,14.99,15.01,14.99,15.01,772200.0,772200.0,-0.02,-0.133,15.00333,"December 23, 19",-0.00133
2019-12-24,14.99,15.01,14.99,15.01,110800.0,110800.0,-0.02,-0.133,15.00333,"December 24, 19",-0.00133
2019-12-26,15.0,15.02,15.0,15.02,484500.0,484500.0,-0.02,-0.133,15.01333,"December 26, 19",-0.00133
2019-12-27,15.02,15.03,15.0,15.0,1154852.0,1154852.0,0.02,0.133,15.01,"December 27, 19",0.00133
